{
    "data_set_name": "train",
    "n_train_spikes": 28,
    "n_test_spikes": 0,
    "symbol_performance_list": [
        [
            "NLOK",
            [
                0.7000000000000002,
                11.592130286067725
            ]
        ],
        [
            "PATK",
            [
                0.7500000000000002,
                11.134890688750534
            ]
        ],
        [
            "SLNO",
            [
                0.6500000000000001,
                10.975609042768593
            ]
        ],
        [
            "BIMI",
            [
                0.7000000000000002,
                10.246581620996132
            ]
        ],
        [
            "LCI",
            [
                0.6000000000000001,
                10.036559231988745
            ]
        ],
        [
            "AGNC",
            [
                0.6500000000000001,
                10.004726743007991
            ]
        ],
        [
            "SPNS",
            [
                0.6500000000000001,
                9.921449434992468
            ]
        ],
        [
            "CCEP",
            [
                0.55,
                9.914787117509823
            ]
        ],
        [
            "PGC",
            [
                0.6000000000000001,
                9.406757344949941
            ]
        ],
        [
            "ORA",
            [
                0.7000000000000002,
                8.831342929822847
            ]
        ],
        [
            "AXS",
            [
                0.6500000000000001,
                8.787116681180562
            ]
        ],
        [
            "NEA",
            [
                0.6000000000000001,
                8.645983575336713
            ]
        ],
        [
            "QQQX",
            [
                0.7000000000000002,
                8.631687722056116
            ]
        ],
        [
            "EXD",
            [
                0.7000000000000002,
                8.585914253075783
            ]
        ],
        [
            "OCGN",
            [
                0.6500000000000001,
                8.486941069080578
            ]
        ],
        [
            "SCHL",
            [
                0.6000000000000001,
                8.351764079137475
            ]
        ],
        [
            "MDCA",
            [
                0.7000000000000002,
                8.33285048472933
            ]
        ],
        [
            "CM",
            [
                0.7500000000000002,
                8.32502420812236
            ]
        ],
        [
            "KBH",
            [
                0.6500000000000001,
                8.275867087722634
            ]
        ],
        [
            "BWA",
            [
                0.7000000000000002,
                8.27581341341712
            ]
        ]
    ]
}