{
    "data_set_name": "test",
    "n_train_spikes": 28,
    "n_test_spikes": 29,
    "symbol_performance_list": [
        [
            "BKD",
            [
                0.7000000000000002,
                7.7955844009371695
            ]
        ],
        [
            "SSRM",
            [
                0.7500000000000002,
                7.422779139749946
            ]
        ],
        [
            "NHTC",
            [
                0.7500000000000002,
                7.401101827943759
            ]
        ],
        [
            "VVPR",
            [
                0.7000000000000002,
                7.250504800217551
            ]
        ],
        [
            "SQNS",
            [
                0.6500000000000001,
                7.044452089220223
            ]
        ],
        [
            "FMAO",
            [
                0.7000000000000002,
                6.8905328407963315
            ]
        ],
        [
            "IGA",
            [
                0.7000000000000002,
                6.760036636691388
            ]
        ],
        [
            "LBTYA",
            [
                0.6000000000000001,
                6.736477564973146
            ]
        ],
        [
            "EBS",
            [
                0.6000000000000001,
                6.634462058770758
            ]
        ],
        [
            "MANH",
            [
                0.7000000000000002,
                6.606627399810414
            ]
        ],
        [
            "GBDC",
            [
                0.7000000000000002,
                6.535171825806682
            ]
        ],
        [
            "PXLW",
            [
                0.7000000000000002,
                6.383261291495282
            ]
        ],
        [
            "EGHT",
            [
                0.6500000000000001,
                6.336064104501874
            ]
        ],
        [
            "NEP",
            [
                0.7000000000000002,
                6.1349512645404225
            ]
        ],
        [
            "ILMN",
            [
                0.7000000000000002,
                6.109149342114005
            ]
        ],
        [
            "TBPH",
            [
                0.6500000000000001,
                6.071811449495257
            ]
        ],
        [
            "AEMD",
            [
                0.6500000000000001,
                6.053303514102245
            ]
        ],
        [
            "IAF",
            [
                0.7000000000000002,
                6.042813833464178
            ]
        ],
        [
            "TNDM",
            [
                0.7000000000000002,
                6.035046945291935
            ]
        ],
        [
            "ANIP",
            [
                0.7000000000000002,
                6.0188628739784695
            ]
        ]
    ]
}